{
"gallery":[
		{
			"name": "1.jpg",
			"smile": "images/1.jpg",
			"fullsize": "images/1s.jpg"
		},
		{
			"name": "2.jpg",
			"smile": "images/2.jpg",
			"fullsize": "images/2s.jpg"
		},
		{
			"name": "3.jpg",
			"smile": "images/3.jpg",
			"fullsize": "images/3s.jpg"
		},
		{
			"name": "4.jpg",
			"smile": "images/4.jpg",
			"fullsize": "images/4s.jpg"
		},
		{
			"name": "5.jpg",
			"smile": "images/5.jpg",
			"fullsize": "images/5s.jpg"
		},
		{
			"name": "6.jpg",
			"smile": "images/6.jpg",
			"fullsize": "images/6s.jpg"
		},
		{
			"name": "7.jpg",
			"smile": "images/7.jpg",
			"fullsize": "images/7s.jpg"
		},
		{
			"name": "8.jpg",
			"smile": "images/8.jpg",
			"fullsize": "images/8s.jpg"
		}
	]
}